Workbook

Sheet Inputs
A1: F-35 RC airframe - cruise, drag and servo sizing inputs
A2: Blue = editable input. Black = formula. Edit blue cells and every sheet recalculates.
A4: Parameter | B4: Value | C4: Unit | D4: Source / note
A5: All-up mass | B5: 0.478 | C5: kg | D5: Estimated build mass (research paper, Sec. 2)
A6: Gravity g | B6: 9.81 | C6: m/s^2 | D6: Standard
A7: Weight W | B7: =B5*B6 -> 4.68918 | C7: N | D7: Formula
A8: Air density rho | B8: 1.225 | C8: kg/m^3 | D8: Sea-level ISA
A9: Wing reference area S | B9: 0.03655 | C9: m^2 | D9: CAD planform, trapezoid through fuselage
A10: Wing span b | B10: 0.305 | C10: m | D10: CAD
A11: Aspect ratio AR | B11: =B10^2/B9 -> 2.5451436 | C11: - | D11: Formula
A12: Oswald efficiency e | B12: 0.75 | C12: - | D12: Assumed (low-AR swept wing)
A13: Induced drag factor K | B13: =1/(PI()*B12*B11) -> 0.16675412 | C13: - | D13: Formula
A14: CD0 as printed (rough) | B14: 0.029 | C14: - | D14: XFOIL tripped polars + Raymer build-up, ~Re 200k
A15: CD0 sanded smooth | B15: 0.0185 | C15: - | D15: XFOIL free-transition polars + Raymer build-up, ~Re 200k
A16: CLmax (3D) | B16: 0.65 | C16: - | D16: XFOIL NACA 0006 leading-edge bubble stall, sweep-corrected
A17: EDF static thrust T0 | B17: 770 | C17: gf | D17: 50 mm EDF class (recommended unit)
A18: EDF jet velocity Ve | B18: 62.08 | C18: m/s | D18: Momentum theory, Ve = sqrt(T0/(rho*A))
A19: m/s to mph | B19: 2.23694 | C19: mph per m/s | D19: Conversion
A20: Best-range factor | B20: 1.316 | C20: x Vmd | D20: Jet max-range speed = 3^(1/4) x min-drag speed

Sheet Cruise Summary
A1: Cruise speed answer - one rear motor, 100% horizontal thrust
A2: Closed-form results from the Inputs sheet (parabolic polar). In level cruise L = W and T = D; drag only equals lift at very high speed.
A4: Condition | B4: Speed (m/s) | C4: Speed (mph) | D4: Thrust needed, as printed (gf) | E4: Thrust needed, smooth (gf) | F4: Meaning
A5: Stall speed Vs | B5: =SQRT(2*Inputs!B7/(Inputs!B8*Inputs!B9*Inputs!B16)) -> 17.951264 | C5: =B5*Inputs!$B$19 -> 40.155901 | F5: Below this the wing cannot carry the weight; no horizontal thrust helps
A6: Safe minimum 1.2 Vs | B6: =1.2*B5 -> 21.541517 | C6: =B6*Inputs!$B$19 -> 48.187081 | D6: =0.5*Inputs!$B$8*B6^2*Inputs!$B$9*(Inputs!$B$14+Inputs!$B$13*(Inputs!$B$7/(0.5*Inputs!$B$8*B6^2*Inputs!$B$9))^2)/Inputs!$B$6*1000 -> 66.689178 | E6: =0.5*Inputs!$B$8*B6^2*Inputs!$B$9*(Inputs!$B$15+Inputs!$B$13*(Inputs!$B$7/(0.5*Inputs!$B$8*B6^2*Inputs!$B$9))^2)/Inputs!$B$6*1000 -> 55.570163 | F6: Slowest speed to fly with a margin
A7: Min-thrust cruise (rough), Vmd | B7: =SQRT(2*Inputs!B7/(Inputs!B8*Inputs!B9))*(Inputs!B13/Inputs!B14)^0.25 -> 22.411522 | C7: =B7*Inputs!$B$19 -> 50.133231 | D7: =0.5*Inputs!$B$8*B7^2*Inputs!$B$9*(Inputs!$B$14+Inputs!$B$13*(Inputs!$B$7/(0.5*Inputs!$B$8*B7^2*Inputs!$B$9))^2)/Inputs!$B$6*1000 -> 66.480637 | E7: =0.5*Inputs!$B$8*B7^2*Inputs!$B$9*(Inputs!$B$15+Inputs!$B$13*(Inputs!$B$7/(0.5*Inputs!$B$8*B7^2*Inputs!$B$9))^2)/Inputs!$B$6*1000 -> 54.44535 | F7: Lowest thrust that keeps it airborne - economy cruise
A8: Best-range cruise (rough), 1.316 Vmd | B8: =Inputs!B20*B7 -> 29.493563 | C8: =B8*Inputs!$B$19 -> 65.975332 | D8: =0.5*Inputs!$B$8*B8^2*Inputs!$B$9*(Inputs!$B$14+Inputs!$B$13*(Inputs!$B$7/(0.5*Inputs!$B$8*B8^2*Inputs!$B$9))^2)/Inputs!$B$6*1000 -> 76.760911 | E8: =0.5*Inputs!$B$8*B8^2*Inputs!$B$9*(Inputs!$B$15+Inputs!$B$13*(Inputs!$B$7/(0.5*Inputs!$B$8*B8^2*Inputs!$B$9))^2)/Inputs!$B$6*1000 -> 55.917526 | F8: Most distance per battery
A9: Top level speed, 770 gf EDF (rough) | B9: =MAX('Speed Sweep'!K4:K109) -> 48 | C9: =B9*Inputs!$B$19 -> 107.37312 | D9: =0.5*Inputs!$B$8*B9^2*Inputs!$B$9*(Inputs!$B$14+Inputs!$B$13*(Inputs!$B$7/(0.5*Inputs!$B$8*B9^2*Inputs!$B$9))^2)/Inputs!$B$6*1000 -> 159.72366 | F9: Fastest speed where available thrust >= drag (1 m/s resolution from sweep)
A10: Top level speed, 770 gf EDF (smooth) | B10: =MAX('Speed Sweep'!L4:L109) -> 52 | C10: =B10*Inputs!$B$19 -> 116.32088 | E10: =0.5*Inputs!$B$8*B10^2*Inputs!$B$9*(Inputs!$B$15+Inputs!$B$13*(Inputs!$B$7/(0.5*Inputs!$B$8*B10^2*Inputs!$B$9))^2)/Inputs!$B$6*1000 -> 120.33158 | F10: Same, sanded surfaces
A11: Drag = Lift speed (rough) | B11: =MIN('Speed Sweep'!M4:M109) -> 85 | C11: =B11*Inputs!$B$19 -> 190.1399 | D11: =0.5*Inputs!$B$8*B11^2*Inputs!$B$9*(Inputs!$B$14+Inputs!$B$13*(Inputs!$B$7/(0.5*Inputs!$B$8*B11^2*Inputs!$B$9))^2)/Inputs!$B$6*1000 -> 480.45661 | F11: Theoretical only: thrust must equal full weight; beyond fan capability and PLA structural limits
A13: Max L/D (rough) | B13: =1/(2*SQRT(Inputs!B14*Inputs!B13)) -> 7.1900634
A14: Max L/D (smooth) | B14: =1/(2*SQRT(Inputs!B15*Inputs!B13)) -> 9.002142
A15: Min thrust / weight (rough) | B15: =1/B13 -> 0.13908083
A17: Note: these closed-form values use one CD0 per finish. The research paper's XFOIL model varies CD0 with Reynolds number, so it differs slightly (see XFOIL Reference sheet).

Sheet Speed Sweep
A1: Level flight (L = W) thrust required vs airspeed - parabolic polar CD = CD0 + K*CL^2, all thrust horizontal, no duct losses
A3: V (m/s) | B3: V (mph) | C3: q (Pa) | D3: CL required | E3: CD rough | F3: Drag rough (gf) | G3: CD smooth | H3: Drag smooth (gf) | I3: EDF thrust avail (gf) | J3: L/D rough | K3: Flyable rough? (V if T>=D) | L3: Flyable smooth? (V if T>=D) | M3: D>=L rough? (V) | N3: Above stall?
A4: 15 | B4: =A4*Inputs!$B$19 -> 33.5541 | C4: =0.5*Inputs!$B$8*A4^2 -> 137.8125 | D4: =Inputs!$B$7/(C4*Inputs!$B$9) -> 0.93093833 | E4: =Inputs!$B$14+Inputs!$B$13*D4^2 -> 0.17351682 | F4: =C4*Inputs!$B$9*E4/Inputs!$B$6*1000 -> 89.094021 | G4: =Inputs!$B$15+Inputs!$B$13*D4^2 -> 0.16301682 | H4: =C4*Inputs!$B$9*G4/Inputs!$B$6*1000 -> 83.702686 | I4: =MAX(0,Inputs!$B$17*(1-A4/Inputs!$B$18)) -> 583.94974 | J4: =D4/E4 -> 5.3651187 | K4: =IF(I4>=F4,A4,0) -> 15 | L4: =IF(I4>=H4,A4,0) -> 15 | M4: =IF(F4>=Inputs!$B$5*1000,A4,"") | N4: =IF(D4<=Inputs!$B$16,"yes","STALL") -> STALL
A5: 16 | B5: =A5*Inputs!$B$19 -> 35.79104 | C5: =0.5*Inputs!$B$8*A5^2 -> 156.8 | D5: =Inputs!$B$7/(C5*Inputs!$B$9) -> 0.81820752 | E5: =Inputs!$B$14+Inputs!$B$13*D5^2 -> 0.1406358 | F5: =C5*Inputs!$B$9*E5/Inputs!$B$6*1000 -> 82.15998 | G5: =Inputs!$B$15+Inputs!$B$13*D5^2 -> 0.1301358 | H5: =C5*Inputs!$B$9*G5/Inputs!$B$6*1000 -> 76.025839 | I5: =MAX(0,Inputs!$B$17*(1-A5/Inputs!$B$18)) -> 571.54639 | J5: =D5/E5 -> 5.8179177 | K5: =IF(I5>=F5,A5,0) -> 16 | L5: =IF(I5>=H5,A5,0) -> 16 | M5: =IF(F5>=Inputs!$B$5*1000,A5,"") | N5: =IF(D5<=Inputs!$B$16,"yes","STALL") -> STALL
A6: 17 | B6: =A6*Inputs!$B$19 -> 38.02798 | C6: =0.5*Inputs!$B$8*A6^2 -> 177.0125 | D6: =Inputs!$B$7/(C6*Inputs!$B$9) -> 0.72477898 | E6: =Inputs!$B$14+Inputs!$B$13*D6^2 -> 0.1165967 | F6: =C6*Inputs!$B$9*E6/Inputs!$B$6*1000 -> 76.896853 | G6: =Inputs!$B$15+Inputs!$B$13*D6^2 -> 0.1060967 | H6: =C6*Inputs!$B$9*G6/Inputs!$B$6*1000 -> 69.971983 | I6: =MAX(0,Inputs!$B$17*(1-A6/Inputs!$B$18)) -> 559.14304 | J6: =D6/E6 -> 6.2161192 | K6: =IF(I6>=F6,A6,0) -> 17 | L6: =IF(I6>=H6,A6,0) -> 17 | M6: =IF(F6>=Inputs!$B$5*1000,A6,"") | N6: =IF(D6<=Inputs!$B$16,"yes","STALL") -> STALL
A7: 18 | B7: =A7*Inputs!$B$19 -> 40.26492 | C7: =0.5*Inputs!$B$8*A7^2 -> 198.45 | D7: =Inputs!$B$7/(C7*Inputs!$B$9) -> 0.64648495 | E7: =Inputs!$B$14+Inputs!$B$13*D7^2 -> 0.098693681 | F7: =C7*Inputs!$B$9*E7/Inputs!$B$6*1000 -> 72.972433 | G7: =Inputs!$B$15+Inputs!$B$13*D7^2 -> 0.088193681 | H7: =C7*Inputs!$B$9*G7/Inputs!$B$6*1000 -> 65.208911 | I7: =MAX(0,Inputs!$B$17*(1-A7/Inputs!$B$18)) -> 546.73969 | J7: =D7/E7 -> 6.5504188 | K7: =IF(I7>=F7,A7,0) -> 18 | L7: =IF(I7>=H7,A7,0) -> 18 | M7: =IF(F7>=Inputs!$B$5*1000,A7,"") | N7: =IF(D7<=Inputs!$B$16,"yes","STALL") -> yes
A8: 19 | B8: =A8*Inputs!$B$19 -> 42.50186 | C8: =0.5*Inputs!$B$8*A8^2 -> 221.1125 | D8: =Inputs!$B$7/(C8*Inputs!$B$9) -> 0.58022472 | E8: =Inputs!$B$14+Inputs!$B$13*D8^2 -> 0.085139562 | F8: =C8*Inputs!$B$9*E8/Inputs!$B$6*1000 -> 70.139567 | G8: =Inputs!$B$15+Inputs!$B$13*D8^2 -> 0.074639562 | H8: =C8*Inputs!$B$9*G8/Inputs!$B$6*1000 -> 61.48947 | I8: =MAX(0,Inputs!$B$17*(1-A8/Inputs!$B$18)) -> 534.33634 | J8: =D8/E8 -> 6.8149836 | K8: =IF(I8>=F8,A8,0) -> 19 | L8: =IF(I8>=H8,A8,0) -> 19 | M8: =IF(F8>=Inputs!$B$5*1000,A8,"") | N8: =IF(D8<=Inputs!$B$16,"yes","STALL") -> yes
A9: 20 | B9: =A9*Inputs!$B$19 -> 44.7388 | C9: =0.5*Inputs!$B$8*A9^2 -> 245 | D9: =Inputs!$B$7/(C9*Inputs!$B$9) -> 0.52365281 | E9: =Inputs!$B$14+Inputs!$B$13*D9^2 -> 0.074726024 | F9: =C9*Inputs!$B$9*E9/Inputs!$B$6*1000 -> 68.211301 | G9: =Inputs!$B$15+Inputs!$B$13*D9^2 -> 0.064226024 | H9: =C9*Inputs!$B$9*G9/Inputs!$B$6*1000 -> 58.626707 | I9: =MAX(0,Inputs!$B$17*(1-A9/Inputs!$B$18)) -> 521.93299 | J9: =D9/E9 -> 7.0076364 | K9: =IF(I9>=F9,A9,0) -> 20 | L9: =IF(I9>=H9,A9,0) -> 20 | M9: =IF(F9>=Inputs!$B$5*1000,A9,"") | N9: =IF(D9<=Inputs!$B$16,"yes","STALL") -> yes
A10: 21 | B10: =A10*Inputs!$B$19 -> 46.97574 | C10: =0.5*Inputs!$B$8*A10^2 -> 270.1125 | D10: =Inputs!$B$7/(C10*Inputs!$B$9) -> 0.47496854 | E10: =Inputs!$B$14+Inputs!$B$13*D10^2 -> 0.066618913 | F10: =C10*Inputs!$B$9*E10/Inputs!$B$6*1000 -> 67.044106 | G10: =Inputs!$B$15+Inputs!$B$13*D10^2 -> 0.056118913 | H10: =C10*Inputs!$B$9*G10/Inputs!$B$6*1000 -> 56.47709 | I10: =MAX(0,Inputs!$B$17*(1-A10/Inputs!$B$18)) -> 509.52964 | J10: =D10/E10 -> 7.129635 | K10: =IF(I10>=F10,A10,0) -> 21 | L10: =IF(I10>=H10,A10,0) -> 21 | M10: =IF(F10>=Inputs!$B$5*1000,A10,"") | N10: =IF(D10<=Inputs!$B$16,"yes","STALL") -> yes
A11: 22 | B11: =A11*Inputs!$B$19 -> 49.21268 | C11: =0.5*Inputs!$B$8*A11^2 -> 296.45 | D11: =Inputs!$B$7/(C11*Inputs!$B$9) -> 0.43277092 | E11: =Inputs!$B$14+Inputs!$B$13*D11^2 -> 0.06023149 | F11: =C11*Inputs!$B$9*E11/Inputs!$B$6*1000 -> 66.52631 | G11: =Inputs!$B$15+Inputs!$B$13*D11^2 -> 0.04973149 | H11: =C11*Inputs!$B$9*G11/Inputs!$B$6*1000 -> 54.92895 | I11: =MAX(0,Inputs!$B$17*(1-A11/Inputs!$B$18)) -> 497.12629 | J11: =D11/E11 -> 7.1851272 | K11: =IF(I11>=F11,A11,0) -> 22 | L11: =IF(I11>=H11,A11,0) -> 22 | M11: =IF(F11>=Inputs!$B$5*1000,A11,"") | N11: =IF(D11<=Inputs!$B$16,"yes","STALL") -> yes
A12: 23 | B12: =A12*Inputs!$B$19 -> 51.44962 | C12: =0.5*Inputs!$B$8*A12^2 -> 324.0125 | D12: =Inputs!$B$7/(C12*Inputs!$B$9) -> 0.39595676 | E12: =Inputs!$B$14+Inputs!$B$13*D12^2 -> 0.055144003 | F12: =C12*Inputs!$B$9*E12/Inputs!$B$6*1000 -> 66.56998 | G12: =Inputs!$B$15+Inputs!$B$13*D12^2 -> 0.044644003 | H12: =C12*Inputs!$B$9*G12/Inputs!$B$6*1000 -> 53.894353 | I12: =MAX(0,Inputs!$B$17*(1-A12/Inputs!$B$18)) -> 484.72294 | J12: =D12/E12 -> 7.1804138 | K12: =IF(I12>=F12,A12,0) -> 23 | L12: =IF(I12>=H12,A12,0) -> 23 | M12: =IF(F12>=Inputs!$B$5*1000,A12,"") | N12: =IF(D12<=Inputs!$B$16,"yes","STALL") -> yes
A13: 24 | B13: =A13*Inputs!$B$19 -> 53.68656 | C13: =0.5*Inputs!$B$8*A13^2 -> 352.8 | D13: =Inputs!$B$7/(C13*Inputs!$B$9) -> 0.36364778 | E13: =Inputs!$B$14+Inputs!$B$13*D13^2 -> 0.051051516 | F13: =C13*Inputs!$B$9*E13/Inputs!$B$6*1000 -> 67.105111 | G13: =Inputs!$B$15+Inputs!$B$13*D13^2 -> 0.040551516 | H13: =C13*Inputs!$B$9*G13/Inputs!$B$6*1000 -> 53.303294 | I13: =MAX(0,Inputs!$B$17*(1-A13/Inputs!$B$18)) -> 472.31959 | J13: =D13/E13 -> 7.1231534 | K13: =IF(I13>=F13,A13,0) -> 24 | L13: =IF(I13>=H13,A13,0) -> 24 | M13: =IF(F13>=Inputs!$B$5*1000,A13,"") | N13: =IF(D13<=Inputs!$B$16,"yes","STALL") -> yes
A14: 25 | B14: =A14*Inputs!$B$19 -> 55.9235 | C14: =0.5*Inputs!$B$8*A14^2 -> 382.8125 | D14: =Inputs!$B$7/(C14*Inputs!$B$9) -> 0.3351378 | E14: =Inputs!$B$14+Inputs!$B$13*D14^2 -> 0.04772938 | F14: =C14*Inputs!$B$9*E14/Inputs!$B$6*1000 -> 68.075411 | G14: =Inputs!$B$15+Inputs!$B$13*D14^2 -> 0.03722938 | H14: =C14*Inputs!$B$9*G14/Inputs!$B$6*1000 -> 53.099482 | I14: =MAX(0,Inputs!$B$17*(1-A14/Inputs!$B$18)) -> 459.91624 | J14: =D14/E14 -> 7.0216249 | K14: =IF(I14>=F14,A14,0) -> 25 | L14: =IF(I14>=H14,A14,0) -> 25 | M14: =IF(F14>=Inputs!$B$5*1000,A14,"") | N14: =IF(D14<=Inputs!$B$16,"yes","STALL") -> yes
A15: 26 | B15: =A15*Inputs!$B$19 -> 58.16044 | C15: =0.5*Inputs!$B$8*A15^2 -> 414.05 | D15: =Inputs!$B$7/(C15*Inputs!$B$9) -> 0.30985373 | E15: =Inputs!$B$14+Inputs!$B$13*D15^2 -> 0.045009952 | F15: =C15*Inputs!$B$9*E15/Inputs!$B$6*1000 -> 69.435204 | G15: =Inputs!$B$15+Inputs!$B$13*D15^2 -> 0.034509952 | H15: =C15*Inputs!$B$9*G15/Inputs!$B$6*1000 -> 53.237239 | I15: =MAX(0,Inputs!$B$17*(1-A15/Inputs!$B$18)) -> 447.51289 | J15: =D15/E15 -> 6.884116 | K15: =IF(I15>=F15,A15,0) -> 26 | L15: =IF(I15>=H15,A15,0) -> 26 | M15: =IF(F15>=Inputs!$B$5*1000,A15,"") | N15: =IF(D15<=Inputs!$B$16,"yes","STALL") -> yes
... A109: 120 | B109: =A109*Inputs!$B$19 -> 268.4328 | C109: =0.5*Inputs!$B$8*A109^2 -> 8820 | D109: =Inputs!$B$7/(C109*Inputs!$B$9) -> 0.014545911 | E109: =Inputs!$B$14+Inputs!$B$13*D109^2 -> 0.029035282 | F109: =C109*Inputs!$B$9*E109/Inputs!$B$6*1000 -> 954.142 | G109: =Inputs!$B$15+Inputs!$B$13*D109^2 -> 0.018535282 | H109: =C109*Inputs!$B$9*G109/Inputs!$B$6*1000 -> 609.09659 | I109: =MAX(0,Inputs!$B$17*(1-A109/Inputs!$B$18)) -> 0 | J109: =D109/E109 -> 0.50097365 | K109: =IF(I109>=F109,A109,0) -> 0 | L109: =IF(I109>=H109,A109,0) -> 0 | M109: =IF(F109>=Inputs!$B$5*1000,A109,"") -> 120 | N109: =IF(D109<=Inputs!$B$16,"yes","STALL") -> yes

Sheet XFOIL Reference
A1: Results quoted in the chat answer - XFOIL 6.99 polars + Reynolds-dependent Raymer drag build-up (perf.py), 478 g
A3: Condition | B3: Speed (m/s) | C3: Speed (mph) | D3: Thrust, as printed (gf) | E3: Thrust, smooth (gf) | F3: L/D as printed | G3: L/D smooth
A4: Stall | B4: 18 | C4: =B4*Inputs!$B$19 -> 40.26492
A5: Min-thrust cruise | B5: 24.5 | C5: =B5*Inputs!$B$19 -> 54.80503 | D5: 67 | E5: 54 | F5: 7.1 | G5: 8.9
A6: Best-range cruise | B6: 32.3 | C6: =B6*Inputs!$B$19 -> 72.253162 | D6: 81 | E6: 56 | F6: 5.9 | G6: 8.6
A7: Top speed, 770 gf EDF (rough) | B7: 49.9 | C7: =B7*Inputs!$B$19 -> 111.62331 | D7: 150
A8: Top speed, 770 gf EDF (smooth) | B8: 53.7 | C8: =B8*Inputs!$B$19 -> 120.12368 | E8: 105
A9: Drag = Lift (rough) | B9: 93 | C9: =B9*Inputs!$B$19 -> 208.03542 | D9: 478 | F9: 1
A11: Hardcoded values: copied from the XFOIL-based model output in this project (scratchpad xf/perf.py), not recalculated here.

Sheet Servo Sizing
A1: One-servo all-moving tail (stabilator) sizing
A2: A servo cannot produce lift or thrust - it only positions a surface. This sizes one servo driving both tail halves for pitch.
A4: Parameter | B4: Value | C4: Unit | D4: Source / note
A5: Design airspeed (use top speed) | B5: ='Cruise Summary'!B9 -> 48 | C5: m/s | D5: Link: top level speed, rough
A6: Dynamic pressure q | B6: =0.5*Inputs!B8*B5^2 -> 1411.2 | C6: Pa | D6: Formula
A7: Tail area per side | B7: 0.00328 | C7: m^2 | D7: CAD: 65.6 cm^2 exposed total / 2
A8: Tail chord (mean) | B8: 0.06 | C8: m | D8: Approximate, from CAD
A9: Hinge moment coefficient Ch | B9: 0.05 | C9: - | D9: Assumed: pivot ~5% chord from centre of pressure
A10: Surfaces on this servo | B10: 2 | C10: - | D10: Both halves linked
A11: Hinge moment, total | B11: =B9*B6*B7*B8*B10 -> 0.027772416 | C11: N*m | D11: Formula
A12: Hinge moment, total | B12: =B11/9.81*100 -> 0.28310312 | C12: kg*cm | D12: Formula
A13: Safety factor | B13: 3 | C13: - | D13: Gusts, linkage friction, CP uncertainty
A14: Required servo torque | B14: =B12*B13 -> 0.84930936 | C14: kg*cm | D14: Formula
A15: Candidate: Emax ES08MA II torque | B15: 2 | C15: kg*cm | D15: Aloft Hobbies listing
A16: Candidate weight | B16: 12.8 | C16: g | D16: Aloft Hobbies listing
A17: Torque margin | B17: =B15/B14 -> 2.3548545 | C17: x | D17: Formula (>1 = adequate)
A18: Verdict | B18: =IF(B17>=1,"Adequate","Undersized") -> Adequate
A19: Control caveat | B19: Pitch only | D19: One servo gives no roll/yaw control. Minimum practical: 2 servos mixed as tailerons.
A20: Source: https://alofthobbies.com/products/emax-es08maii-hv-servo-2kg-27-77-oz-in-10-sec-12-8-grams
